record_id,name,rating,category,status
1,Record_001,67,B,active
2,Record_002,74,C,inactive
3,Record_003,81,A,active
4,Record_004,88,B,inactive
5,Record_005,64,C,active
6,Record_006,71,A,inactive
7,Record_007,78,B,active
8,Record_008,85,C,inactive
9,Record_009,61,A,active
10,Record_010,68,B,inactive
11,Record_011,75,C,active
12,Record_012,82,A,inactive
13,Record_013,89,B,active
14,Record_014,65,C,inactive
15,Record_015,72,A,active
16,Record_016,79,B,inactive
17,Record_017,86,C,active
18,Record_018,62,A,inactive
19,Record_019,69,B,active
20,Record_020,76,C,inactive
21,Record_021,83,A,active
22,Record_022,90,B,inactive
23,Record_023,66,C,active
24,Record_024,73,A,inactive
25,Record_025,80,B,active
26,Record_026,87,C,inactive
27,Record_027,63,A,active
28,Record_028,70,B,inactive
29,Record_029,77,C,active
30,Record_030,84,A,inactive
31,Record_031,60,B,active
32,Record_032,67,C,inactive
33,Record_033,74,A,active
34,Record_034,81,B,inactive
35,Record_035,88,C,active
36,Record_036,64,A,inactive
37,Record_037,71,B,active
38,Record_038,78,C,inactive
39,Record_039,85,A,active
40,Record_040,61,B,inactive
41,Record_041,68,C,active
42,Record_042,75,A,inactive
43,Record_043,82,B,active
44,Record_044,89,C,inactive
45,Record_045,65,A,active
46,Record_046,72,B,inactive
47,Record_047,79,C,active
48,Record_048,86,A,inactive
49,Record_049,62,B,active
50,Record_050,69,C,inactive
51,Record_051,76,A,active
52,Record_052,83,B,inactive
53,Record_053,90,C,active
54,Record_054,66,A,inactive
55,Record_055,73,B,active
56,Record_056,80,C,inactive
57,Record_057,87,A,active
58,Record_058,63,B,inactive
59,Record_059,70,C,active
60,Record_060,77,A,inactive
61,Record_061,84,B,active
62,Record_062,60,C,inactive
63,Record_063,67,A,active
64,Record_064,74,B,inactive
65,Record_065,81,C,active
66,Record_066,88,A,inactive
67,Record_067,64,B,active
68,Record_068,71,C,inactive
69,Record_069,78,A,active
70,Record_070,85,B,inactive
71,Record_071,61,C,active
72,Record_072,68,A,inactive
73,Record_073,75,B,active
74,Record_074,82,C,inactive
75,Record_075,89,A,active
76,Record_076,65,B,inactive
77,Record_077,72,C,active
78,Record_078,79,A,inactive
79,Record_079,86,B,active
80,Record_080,62,C,inactive
81,Record_081,69,A,active
82,Record_082,76,B,inactive
83,Record_083,83,C,active
84,Record_084,90,A,inactive
85,Record_085,66,B,active
86,Record_086,73,C,inactive
87,Record_087,80,A,active
88,Record_088,87,B,inactive
89,Record_089,63,C,active
90,Record_090,70,A,inactive
91,Record_091,77,B,active
92,Record_092,84,C,inactive
93,Record_093,200,A,active
94,Record_094,-50,B,inactive
95,Record_095,not_available,C,active
96,Record_096,error,A,inactive
97,Record_097,,B,active
98,Record_098,75,,inactive
1,Record_001,67,B,active
2,Record_002,74,C,inactive